ID,Name,Macroarea,Latitude,Longitude,Glottocode,ISO639P3code,Examples_Count,Examples_Count_Log
undefined,Undefined Language,,,,,,,
stan1293,English,,53.0,-1.0,stan1293,,283,5.645446897643238
ital1282,Italian,,43.0464,12.6489,ital1282,,196,5.278114659230517
pite1240,Pite Saami,,66.4011,17.4261,pite1240,,324,5.780743515792329
moha1256,Mohave,,34.8866,-114.599,moha1256,,25,3.2188758248682006
nias1242,Nias,,0.90691,97.4961,nias1242,,28,3.332204510175204
tenn1246,Tennet,,4.91107,32.6307,tenn1246,,17,2.833213344056216
murl1244,Murle,,6.69756,33.988,murl1244,,10,2.302585092994046
nand1266,Nandi,,0.793737,35.408478,nand1266,,12,2.4849066497880004
dato1239,Barabayiiga-Gisamjanga,,-4.4131,35.2321,dato1239,,8,2.0794415416798357
turk1308,Turkana,,4.30688,35.7101,turk1308,,27,3.295836866004329
maaa1253,Maa,,11.5205,107.339,maaa1253,,14,2.6390573296152584
east2652,Eastern Oromo,,8.67428,41.4395,east2652,,15,2.70805020110221
alab1254,Alaba-K'abeena,,7.39014,38.1732,alab1254,,16,2.772588722239781
arbo1245,Arbore,,4.92183,36.7986,arbo1245,,12,2.4849066497880004
bora1271,Borana-Arsi-Guji Oromo,,1.05676,37.882,bora1271,,12,2.4849066497880004
gamo1243,Gamo,,6.27645,37.23808,gamo1243,,13,2.5649493574615367
wola1242,Wolaytta,,6.32668,37.7537,wola1242,,13,2.5649493574615367
zays1236,Zayse,,,,zays1236,,3,1.0986122886681098
kumi1248,Tipai,,32.331,-116.604,kumi1248,,19,2.9444389791664403
yava1252,Yavapai,,,,yava1252,,10,2.302585092994046
hava1249,Havasupai,,,,hava1249,,7,1.9459101490553132
wapp1239,Wappo,,38.25,-122.5,wapp1239,,24,3.1780538303479458
nort2951,Northwest Maidu,,39.6721,-121.368,nort2951,,6,1.791759469228055
ajie1238,Ajië,,-21.3029,165.468,ajie1238,,16,2.772588722239781
savo1255,Savosavo,,-9.12853,159.814,savo1255,,25,3.2188758248682006
wask1241,Waskia,,-4.57978,145.979,wask1241,,7,1.9459101490553132
kaki1249,Kaki Ae,,-7.9946,145.816,kaki1249,,1,0.0
yawu1244,Yawuru,,-18.004,122.693,yawu1244,,2,0.6931471805599453
naba1256,Nabak,,-6.42709,146.966,naba1256,,6,1.791759469228055
eipo1242,Eipomek,,-4.33691,140.045,eipo1242,,2,0.6931471805599453
coco1261,Cocopa,,32.376,-114.848,coco1261,,5,1.6094379124341003
mari1440,Maricopa,,33.5123,-111.749,mari1440,,6,1.791759469228055
wala1270,Walapai,,,,wala1270,,4,1.3862943611198906
nucl1301,Turkish,,39.8667,32.8667,nucl1301,,61,4.110873864173311
chec1245,Chechen,,43.5,45.5,chec1245,,3,1.0986122886681098
oldf1239,Old French (842-ca. 1400),,48.8,1.11,oldf1239,,7,1.9459101490553132
oira1263,Oirata,,-8.09044,127.201,oira1263,,5,1.6094379124341003
mang1381,Mangarrayi,,-14.8,133.5,mang1381,,9,2.1972245773362196
mull1237,Mullukmulluk,,-13.427,130.664,mull1237,,2,0.6931471805599453
ipai1240,Ipai,,33.005,-116.993,ipai1240,,1,0.0
pari1256,Päri,,5.09472,32.4822,pari1256,,2,0.6931471805599453
east2328,Eastern Mari,,55.8307,48.405,east2328,,1,0.0
chuv1255,Chuvash,,55.48701,47.16298,chuv1255,,10,2.302585092994046
nort2671,North Saami,,68.725,22.1113,nort2671,,24,3.1780538303479458
oldr1238,Old Russian,,54.813,31.827,oldr1238,,2,0.6931471805599453
amha1245,Amharic,,11.708182,39.543456,amha1245,,11,2.3978952727983707
alba1267,Albanian,,,,alba1267,,30,3.4011973816621555
roma1327,Romanian,,46.3913,24.2256,roma1327,,128,4.852030263919617
bulg1262,Bulgarian,,43.3646,25.047,bulg1262,,114,4.736198448394496
west2369,Western Farsi,,32.9,53.3,west2369,,138,4.927253685157205
kild1236,Kildin Saami,,68.2158,35.8348,kild1236,,14,2.6390573296152584
russ1263,Russian,,59.0,50.0,russ1263,,811,6.698268054115413
chuk1273,Chukchi,,68.6436,170.045,chuk1273,,25,3.2188758248682006
mand1415,Mandarin Chinese,,40.0209,116.228,mand1415,,169,5.1298987149230735
even1259,Evenki,,61.972,94.689,even1259,,20,2.995732273553991
sout2750,Southern Yukaghir,,64.218,154.375,sout2750,,2,0.6931471805599453
hung1274,Hungarian,,46.9068585714,19.6555271429,hung1274,,171,5.14166355650266
east2545,Eastern Pomo,,38.5647,-122.586,east2545,,3,1.0986122886681098
bolg1250,Bolgarian,,48.671481,42.729234,bolg1250,,3,1.0986122886681098
sout1528,Serbian-Croatian-Bosnian,,44.15,18.81,sout1528,,144,4.969813299576001
stan1295,German,,48.649,12.4676,stan1295,,447,6.102558594613569
mina1268,Minangkabau,,-0.896,100.44,mina1268,,3,1.0986122886681098
taga1270,Tagalog,,14.06,121.747,taga1270,,143,4.962844630259907
lahu1253,Lahu,,21.2701,100.214,lahu1253,,3,1.0986122886681098
udmu1245,Udmurt,,56.12921,52.63548,udmu1245,,1,0.0
wari1268,Wari',,-10.69948,-64.56152,wari1268,,1,0.0
kalm1244,Kalmyk,,,,kalm1244,,6,1.791759469228055
finn1318,Finnish,,64.7628,25.5577,finn1318,,160,5.075173815233827
dani1285,Danish,,54.8655,9.36284,dani1285,,41,3.713572066704308
oroc1248,Oroch,,50.32354,137.85131,oroc1248,,5,1.6094379124341003
sali1295,Saliba,,-10.6148,150.727,sali1295,,4,1.3862943611198906
nort2641,Northern Kurdish,,37.0,43.0,nort2641,,16,2.772588722239781
latv1249,Latvian,,56.826108,24.309118,latv1249,,4,1.3862943611198906
endo1242,Endo,,,,endo1242,,4,1.3862943611198906
yidd1255,Yiddish,,,,yidd1255,,9,2.1972245773362196
gree1276,Greek,,,,gree1276,,472,6.156978985585555
stan1290,French,,48.0,2.0,stan1290,,243,5.493061443340548
port1283,Portuguese,,39.91,-8.1,port1283,,38,3.6375861597263857
kore1280,Korean,,37.54,126.98,kore1280,,65,4.174387269895637
mala1464,Malayalam,,9.59208,76.7651,mala1464,,4,1.3862943611198906
wels1247,Welsh,,52.0,-4.0,wels1247,,22,3.091042453358316
nucl1643,Japanese,,35.0,135.0,nucl1643,,143,4.962844630259907
basq1248,Basque,,43.2787,-1.31622,basq1248,,55,4.007333185232471
cher1273,Cherokee,,35.4664,-83.163,cher1273,,4,1.3862943611198906
darg1241,North-Central Dargwa,,42.4257,47.4388,darg1241,,580,6.363028103540465
dutc1256,Dutch,,52.0,5.0,dutc1256,,193,5.262690188904886
yakk1236,Yakkha,,27.3714,87.9306,yakk1236,,873,6.771935555839602
mauw1238,Mauwake,,-4.52416,145.394,mauw1238,,1690,7.432483807917119
east2303,Archaic Finnish Swedish,,62.476944,21.348611,east2303,,3,1.0986122886681098
orsa1234,Orsamål,,,,orsa1234,,7,1.9459101490553132
elfd1234,Elfdalian,,,,elfd1234,,62,4.127134385045092
soll1234,Sollerömål,,,,soll1234,,12,2.4849066497880004
moro1292,Moroccan Arabic,,32.5,-7.5,moro1292,,5,1.6094379124341003
arch1246,Archaic Norrlandic,,66.32,22.84,arch1246,,6,1.791759469228055
swed1254,Swedish,,59.800634,17.389526,swed1254,,282,5.641907070938114
stan1288,Spanish,,40.4414,-1.11788,stan1288,,399,5.988961416889864
stan1318,Standard Arabic,,27.9625,43.8525,stan1318,,5,1.6094379124341003
norw1258,Norwegian,,59.92,10.71,norw1258,,115,4.74493212836325
midd1321,Middle Dutch,,51.656,5.34,midd1321,,2,0.6931471805599453
afri1274,Afrikaans,,-22.0,30.0,afri1274,,39,3.6635616461296463
chak1271,Chakali,,9.83446,-1.90181,chak1271,,346,5.846438775057725
paas1238,Paasaal,,10.2004,-1.8048,paas1238,,4,1.3862943611198906
gonj1241,Gonja,,8.48801,-0.72757,gonj1241,,2,0.6931471805599453
vagl1239,Vagla,,9.33848,-2.31333,vagl1239,,1,0.0
wali1263,Wali (Ghana),,10.0212,-2.31263,wali1263,,3,1.0986122886681098
gaaa1244,Ga,,5.65488,-0.18598,gaaa1244,,6,1.791759469228055
grus1239,Grusi,,,,grus1239,,1,0.0
haus1257,Hausa,,11.1513,8.7804,haus1257,,11,2.3978952727983707
kase1253,Kasem,,11.0824,-1.39076,kase1253,,2,0.6931471805599453
kwaa1262,Baa,,9.42222,11.4439,kwaa1262,,7,1.9459101490553132
gura1261,Gur,,,,gura1261,,3,1.0986122886681098
arab1395,Arabic,,,,arab1395,,205,5.3230099791384085
lati1261,Latin,,41.9026,12.4502,lati1261,,33,3.4965075614664802
aust1307,Austronesian,,,,aust1307,,13,2.5649493574615367
papu1250,Papuan Malay,,-2.53482,139.651,papu1250,,1446,7.27655640271871
sarm1242,Sarmi,,,,sarm1242,,25,3.2188758248682006
indo1316,Standard Indonesian,,-7.33458,109.716,indo1316,,26,3.258096538021482
nucl1632,Sentani,,-2.6013,140.512,nucl1632,,1,0.0
nort2828,North Moluccan Malay,,-0.86437,128.323,nort2828,,2,0.6931471805599453
biak1248,Biak,,-0.9523,135.879,biak1248,,6,1.791759469228055
ambo1255,Ambon Malay,,,,ambo1255,,1,0.0
dobo1244,Dobo Malay,,,,dobo1244,,1,0.0
sril1245,Sri Lanka Malay,,6.91603,79.864,sril1245,,1,0.0
mala1481,Manado Malay,,1.48099,124.843,mala1481,,23,3.1354942159291497
isir1237,Isirawa,,-1.88775,138.595,isir1237,,2,0.6931471805599453
saba1263,Sabah Malay,,4.64808,117.024,saba1263,,1,0.0
java1254,Javanese,,-7.001,109.287,java1254,,1,0.0
wakd1237,Wakde,,-1.98457,139.008,wakd1237,,2,0.6931471805599453
bone1255,Bonerif,,-2.09529,139.208,bone1255,,2,0.6931471805599453
jama1262,Jamaican Creole English,,18.13,-77.2612,jama1262,,70,4.248495242049359
gull1243,Gullah,,,,gull1243,,1,0.0
sran1240,Sranan Tongo,,5.83,-55.33,sran1240,,25,3.2188758248682006
creo1235,Guyanese Creole English,,9.0,-62.0,creo1235,,15,2.70805020110221
sara1340,Saramaccan,,4.54729,-54.0238,sara1340,,1,0.0
berb1259,Berbice Creole Dutch,,5.3829,-58.0002,berb1259,,8,2.0794415416798357
swis1247,Central Alemannic,,47.0516,8.46419,swis1247,,2,0.6931471805599453
phal1254,Palula,,35.5096,71.8421,phal1254,,892,6.79346613258001
krio1253,Krio,,10.8811,-14.3204,krio1253,,12,2.4849066497880004
fern1234,Pichi,,3.74,8.78,fern1234,,1436,7.269616749608169
yoru1245,Yoruba,,7.15345,3.67225,yoru1245,,8,2.0794415416798357
yuca1254,Yucatec Maya,,18.7757,-88.9567,yuca1254,,1,0.0
ewee1241,Ewe,,6.46061,0.814975,ewee1241,,8,2.0794415416798357
efik1245,Efik,,4.89379,8.38121,efik1245,,8,2.0794415416798357
sout2991,South Bolivian Quechua,,-20.9201,-66.3331,sout2991,,17,2.833213344056216
warl1255,Warlmanpa,,-18.949,133.862,warl1255,,1,0.0
geee1239,Ge,,26.8542,107.823,geee1239,,3,1.0986122886681098
mang1378,Mang,,21.4305,102.133,mang1378,,5,1.6094379124341003
atem1241,Mand,,-5.08137,144.806,atem1241,,4,1.3862943611198906
tswa1255,Tswa,,-22.9891,32.4287,tswa1255,,2,0.6931471805599453
maor1246,Maori,,-38.2881,176.541,maor1246,,49,3.8918202981106265
somm1240,Som,,-6.07366,146.651,somm1240,,2,0.6931471805599453
hung1275,Hung,,18.7849,104.772,hung1275,,1,0.0
mori1278,Morisyen,,-20.2613,57.5517,mori1278,,14,2.6390573296152584
hait1244,Haitian,,18.795135,-72.136115,hait1244,,43,3.7612001156935624
mala1533,Malacca-Batavia Portuguese Creole,,2.188087,102.262059,mala1533,,1,0.0
saot1239,Sãotomense,,0.28332,6.61935,saot1239,,3,1.0986122886681098
sese1246,Seselwa Creole French,,-4.62314,55.4503,sese1246,,3,1.0986122886681098
ndyu1242,Aukan,,4.3126,-54.6419,ndyu1242,,2,0.6931471805599453
hida1246,Hidatsa,,47.33,-102.0,hida1246,,29,3.367295829986474
crow1244,Crow,,45.368,-107.874,crow1244,,11,2.3978952727983707
mand1446,Mandan,,46.83,-101.0,mand1446,,17,2.833213344056216
iowa1245,Iowa-Oto,,40.0511,-95.5213,iowa1245,,12,2.4849066497880004
lako1247,Lakota,,46.3699,-103.95,lako1247,,32,3.4657359027997265
iowa1246,Iowa,,,,iowa1246,,5,1.6094379124341003
hoch1243,Ho-Chunk,,43.5,-88.5,hoch1243,,146,4.983606621708336
osag1243,Osage,,36.7828,-96.2949,osag1243,,4,1.3862943611198906
bilo1248,Biloxi,,31.32,-89.1951,bilo1248,,10,2.302585092994046
anci1244,Ancient Hebrew,,31.7761,35.1725,anci1244,,35,3.5553480614894135
assi1247,Assiniboine,,49.2923,-106.068,assi1247,,11,2.3978952727983707
yuch1247,Yuchi,,35.75,-86.75,yuch1247,,1,0.0
chic1270,Chickasaw,,34.0,-88.0,chic1270,,2,0.6931471805599453
ofoo1242,Ofo,,30.43,-91.75,ofoo1242,,2,0.6931471805599453
atak1252,Atakapa,,30.9121,-93.0827,atak1252,,2,0.6931471805599453
chit1248,Chitimacha,,30.3386,-90.9123,chit1248,,2,0.6931471805599453
choc1276,Choctaw,,32.25,-88.5,choc1276,,1,0.0
natc1249,Natchez,,31.75,-91.33,natc1249,,2,0.6931471805599453
tuni1252,Tunica,,30.9888,-92.5403,tuni1252,,1,0.0
kans1243,Kansa,,39.0,-94.4,kans1243,,6,1.791759469228055
omah1248,Omaha,,,,omah1248,,12,2.4849066497880004
omah1247,Omaha-Ponca,,42.0944,-96.5295,omah1247,,15,2.70805020110221
ngit1239,Ngiti,,1.30455,30.2242,ngit1239,,2,0.6931471805599453
sout2969,Southern Paiute,,37.0,-114.0,sout2969,,1,0.0
beng1280,Bengali,,24.0,90.0,beng1280,,5,1.6094379124341003
assa1263,Assamese,,26.0876,91.2932,assa1263,,6,1.791759469228055
imon1245,Imonda,,-3.31228,141.171,imon1245,,4,1.3862943611198906
siwu1238,Siwu,,7.23811,0.44362,siwu1238,,1,0.0
laoo1244,Lao,,19.0,102.46,laoo1244,,15,2.70805020110221
sali1255,Salishan,,,,sali1255,,8,2.0794415416798357
gand1255,Ganda,,0.66884,32.15153,gand1255,,112,4.718498871295094
ikkk1242,Ik,,3.61407,34.2507,ikkk1242,,196,5.278114659230517
yong1288,Yongning Na,,,,yong1288,,196,5.278114659230517
lolo1261,Lolo,,-17.0232,35.9451,lolo1261,,2,0.6931471805599453
mand1469,Mande,,,,mand1469,,2,0.6931471805599453
laze1238,Laze,,27.85,101.45,laze1238,,1,0.0
tibe1272,Tibetan,,28.3681,90.1872,tibe1272,,6,1.791759469228055
nais1236,Naish,,,,nais1236,,1,0.0
shix1238,Shixing,,28.3895,100.4,shix1238,,2,0.6931471805599453
sini1245,Sinitic,,,,sini1245,,3,1.0986122886681098
east2346,Eastern Gorkha Tamang,,28.2213,84.9451,east2346,,1,0.0
naxi1245,Naxi,,27.5,100.0,naxi1245,,3,1.0986122886681098
braz1246,Brazilian Portuguese,,,,braz1246,,73,4.290459441148391
icel1247,Icelandic,,63.4837,-19.0212,icel1247,,217,5.37989735354046
roma1334,Romance,,,,roma1334,,20,2.995732273553991
thai1261,Thai,,14.192,100.671,thai1261,,11,2.3978952727983707
poli1260,Polish,,51.8439,18.6255,poli1260,,107,4.672828834461906
faro1244,Faroese,,62.0732,-6.88497,faro1244,,27,3.295836866004329
zulu1248,Zulu,,-28.9,30.2,zulu1248,,75,4.31748811353631
sout2807,Southern Sotho,,-28.78,27.89,sout2807,,4,1.3862943611198906
here1253,Herero,,-21.0231,20.5655,here1253,,8,2.0794415416798357
lugu1238,Luguru,,-6.86828,37.5557,lugu1238,,11,2.3978952727983707
swah1253,Swahili,,-8.25605,37.624,swah1253,,96,4.564348191467836
buku1249,Bukusu,,0.68043,34.7719,buku1249,,146,4.983606621708336
west2454,Western Niger Fulfulde,,14.2471,-0.52004,west2454,,3,1.0986122886681098
molo1266,Moloko,,10.7933,14.2521,molo1266,,1033,6.940222469119639
muya1243,Muyang,,10.86047,14.21246,muya1243,,1,0.0
vame1236,Vame,,10.9481,14.2131,vame1236,,1,0.0
pula1263,Pulaar,,13.8694,-13.4482,pula1263,,42,3.7376696182833684
sere1260,Sereer,,13.8941,-16.3916,sere1260,,78,4.356708826689592
adan1247,Adangme,,5.9437,0.13243,adan1247,,22,3.091042453358316
tsoo1241,Tso,,9.53256,11.4972,tsoo1241,,3,1.0986122886681098
ibib1240,Ibibio,,5.15279,7.86688,ibib1240,,61,4.110873864173311
akwa1248,Akwa,,-0.39897,15.4623,akwa1248,,2,0.6931471805599453
kuri1259,Kuria,,-1.50636,34.5049,kuri1259,,51,3.9318256327243257
tief1242,Tiefo-Daramandugu,,10.7184,-4.52619,tief1242,,8,2.0794415416798357
mama1272,Mama,,8.8062,8.78601,mama1272,,2,0.6931471805599453
ling1263,Kinshasa Lingala,,-4.409174,15.28532,ling1263,,1,0.0
kiku1240,Kikuyu,,-0.29005,36.719,kiku1240,,8,2.0794415416798357
amun1246,Amundava,,-9.04023,-62.3064,amun1246,,2,0.6931471805599453
dand1239,Danda,,,,dand1239,,1,0.0
maay1238,Maay,,3.22288,43.6182,maay1238,,12,2.4849066497880004
gagn1235,Gagnoa Bété,,6.10051,-5.9701,gagn1235,,4,1.3862943611198906
krua1234,Kru,,,,krua1234,,2,0.6931471805599453
gbad1242,Gbadi,,,,gbad1242,,4,1.3862943611198906
vata1239,Vata,,,,vata1239,,2,0.6931471805599453
mani1292,Manipuri,,24.4409,93.3426,mani1292,,3,1.0986122886681098
sene1264,Seneca,,42.56,-77.53,sene1264,,2,0.6931471805599453
zagh1240,Beria,,17.4842,23.4626,zagh1240,,16,2.772588722239781
buna1275,Bunaba,,-17.8297,125.631,buna1275,,2,0.6931471805599453
tama1332,Tama,,,,tama1332,,1,0.0
bamb1262,Bambassi,,9.82554,34.6522,bamb1262,,76,4.330733340286331
hozo1236,Hozo,,9.38875,34.60448,hozo1236,,1,0.0
taro1265,Tarokoid,,,,taro1265,,1,0.0
taro1263,Tarok,,8.98356,10.0288,taro1263,,1,0.0
bium1280,Biu-Mandara,,,,bium1280,,8,2.0794415416798357
weno1238,Wobe-Wè Northern,,7.40391,-7.24617,weno1238,,1,0.0
bong1285,Bongo,,7.4145,27.9918,bong1285,,11,2.3978952727983707
kain1275,Kainji,,,,kain1275,,5,1.6094379124341003
mann1248,Mann,,7.04616,-8.86405,mann1248,,1,0.0
guro1248,Guro,,7.34954,-6.31154,guro1248,,2,0.6931471805599453
plat1254,Plateau Malagasy,,-19.5907,47.1211,plat1254,,9,2.1972245773362196
sigi1234,Sigidi,,,,sigi1234,,1,0.0
kula1277,Kulango,,,,kula1277,,4,1.3862943611198906
cang1245,Cangin,,,,cang1245,,2,0.6931471805599453
nort2775,Northwest Gbaya,,5.9503,15.2569,nort2775,,3,1.0986122886681098
gada1257,Ga-Dangme,,,,gada1257,,2,0.6931471805599453
polc1243,Polci,,10.0258,9.53362,polc1243,,1,0.0
bant1294,Bantoid,,,,bant1294,,5,1.6094379124341003
poto1254,Potou-Tano,,,,poto1254,,1,0.0
ngas1240,Ngas,,9.32042,9.46146,ngas1240,,2,0.6931471805599453
yiwo1237,Yiwom,,8.97395,9.78757,yiwo1237,,1,0.0
lend1245,Lendu,,2.1898,30.6794,lend1245,,2,0.6931471805599453
mang1396,Mangbutu,,2.74779,29.7358,mang1396,,4,1.3862943611198906
gbay1292,Kresh,,,,gbay1292,,2,0.6931471805599453
mang1394,Mangbetu,,2.5511,27.0712,mang1394,,4,1.3862943611198906
jowu1238,Jowulu,,10.7691,-5.47873,jowu1238,,1,0.0
sout2808,Sumayela Ndebele,,-25.6272,29.048,sout2808,,77,4.343805421853684
logo1258,Logooli,,0.09487,34.729,logo1258,,137,4.919980925828125
sira1266,Sira,,-1.78084,10.4635,sira1266,,10,2.302585092994046
nyan1308,Nyanja,,-14.8047,32.8108,nyan1308,,55,4.007333185232471
nucl1417,Igbo,,4.62705,7.23441,nucl1417,,45,3.8066624897703196
kiny1244,Kinyarwanda,,-1.56771,29.6441,kiny1244,,11,2.3978952727983707
tswa1253,Tswana,,-24.368,24.7587,tswa1253,,4,1.3862943611198906
kaon1241,Kaonde,,-12.4129,25.7646,kaon1241,,2,0.6931471805599453
akan1250,Akan,,6.34756,-1.33254,akan1250,,189,5.241747015059643
kobi1242,Kobi,,,,kobi1242,,1,0.0
iris1253,Irish,,53.2186,-7.61509,iris1253,,11,2.3978952727983707
fant1241,Fante,,,,fant1241,,18,2.8903717578961645
yaaa1241,Yaa,,,,yaaa1241,,3,1.0986122886681098
lopi1242,Lopit,,4.6986,32.7534,lopi1242,,9,2.1972245773362196
pala1344,Palauan,,7.34138,134.476678,pala1344,,2,0.6931471805599453
makh1264,Makhuwa,,-14.8509,38.8052,makh1264,,14,2.6390573296152584
mako1251,Makonde,,-10.9906,39.5133,mako1251,,11,2.3978952727983707
rong1268,Ronga,,-26.7329,32.6167,rong1268,,14,2.6390573296152584
chan1318,Changana,,,,chan1318,,4,1.3862943611198906
egyp1245,Egyptian,,,,egyp1245,,2,0.6931471805599453
jita1239,Jita,,-1.62681,33.9141,jita1239,,6,1.791759469228055
digo1243,Digo,,-4.62101,39.1752,digo1243,,5,1.6094379124341003
fuli1240,Fuliiru,,-3.04022,28.9865,fuli1240,,4,1.3862943611198906
mwan1247,Mwani,,-12.5821,40.4601,mwan1247,,4,1.3862943611198906
bena1259,Bena,,,,bena1259,,2,0.6931471805599453
kabw1241,Kabwa,,-1.7124,34.3923,kabw1241,,1,0.0
suba1252,Suba-Simbiti,,-1.103296,34.268,suba1252,,3,1.0986122886681098
kway1241,Kwaya,,-1.80737,33.71,kway1241,,2,0.6931471805599453
soma1255,Somali,,4.778704,45.152856,soma1255,,45,3.8066624897703196
yaww1238,Yaw,,21.6,94.8333,yaww1238,,2,0.6931471805599453
moss1236,Mossi,,11.95,-1.32,moss1236,,42,3.7376696182833684
dege1246,Degema,,4.73373,6.80991,dege1246,,38,3.6375861597263857
gunn1250,Gun,,6.48529,2.76767,gunn1250,,14,2.6390573296152584
urho1239,Urhobo,,5.31155,5.86148,urho1239,,4,1.3862943611198906
ndii1240,Ndi,,,,ndii1240,,1,0.0
ocea1241,Oceanic,,,,ocea1241,,8,2.0794415416798357
idak1244,Idakho,,,,idak1244,,3,1.0986122886681098
buli1256,Buli,,,,buli1256,,26,3.258096538021482
rapa1244,Rapanui,,-27.113,-109.342,rapa1244,,1329,7.192182058713246
tuva1244,Tuvalu,,-8.520813,179.198088,tuva1244,,6,1.791759469228055
samo1305,Samoan,,-13.92,-171.83,samo1305,,8,2.0794415416798357
tahi1242,Tahitian,,-17.6485,-149.45,tahi1242,,85,4.442651256490317
tong1325,Tonga (Tonga Islands),,-21.17,-175.25,tong1325,,9,2.1972245773362196
rapa1245,Mangaia-Old Rapa,,-27.6304,-144.338,rapa1245,,2,0.6931471805599453
mang1401,Mangareva,,-23.1095,-134.97,mang1401,,5,1.6094379124341003
hawa1245,Hawaiian,,19.6297,-155.43,hawa1245,,16,2.772588722239781
toke1240,Tokelau,,-9.227642,-171.780833,toke1240,,6,1.791759469228055
pile1238,Vaeakau-Taumako,,-10.173335,166.247188,pile1238,,2,0.6931471805599453
nuku1260,Nukuoro,,3.84,154.975,nuku1260,,5,1.6094379124341003
raro1241,Southern Cook Island Maori,,-21.23,-159.78,raro1241,,2,0.6931471805599453
taku1257,Takuu,,-4.773094,157.032085,taku1257,,2,0.6931471805599453
tiko1237,Tikopia,,-12.2766,168.822,tiko1237,,3,1.0986122886681098
marq1246,Marquesan,,,,marq1246,,2,0.6931471805599453
lauu1247,Lau,,-8.51018,160.872,lauu1247,,3,1.0986122886681098
tach1250,Tachelhit,,29.7854,-7.77879,tach1250,,6,1.791759469228055
tzot1259,Tzotzil,,16.6362,-92.7388,tzot1259,,19,2.9444389791664403
maya1287,Mayan,,,,maya1287,,5,1.6094379124341003
cham1312,Chamorro,,13.438011,144.74474,cham1312,,19,2.9444389791664403
sans1269,Sanskrit,,20.0,77.0,sans1269,,37,3.6109179126442243
bilu1245,Bilua,,-7.92388,156.663,bilu1245,,2,0.6931471805599453
mode1248,Modern Greek,,38.36,23.13,mode1248,,6,1.791759469228055
hixk1239,Hixkaryána,,-0.16265,-58.80153,hixk1239,,1,0.0
soni1259,Soninke,,13.1273,-11.7178,soni1259,,11,2.3978952727983707
kpel1252,Kpelle,,,,kpel1252,,10,2.302585092994046
kita1249,Kita Maninkakan,,13.1798,-9.49151,kita1249,,8,2.0794415416798357
mand1436,Mandinka,,12.8165233333,-15.6539466667,mand1436,,1,0.0
pipi1250,Pipil,,13.8931,-89.443,pipi1250,,1,0.0
limb1268,Limbum,,6.58608,10.9802,limb1268,,107,4.672828834461906
noon1243,Noone,,6.37256,10.5707,noon1243,,5,1.6094379124341003
medu1238,Medumba,,5.10901,10.6118,medu1238,,29,3.367295829986474
momo1242,Momo,,,,momo1242,,2,0.6931471805599453
isum1240,Isu (Menchum Division),,6.63731,9.96577,isum1240,,2,0.6931471805599453
akoo1248,Akoose,,4.9243,9.65522,akoo1248,,4,1.3862943611198906
bamu1253,Bamun,,5.49017,10.8477,bamu1253,,1,0.0
mund1327,Mundani,,5.68073,9.91533,mund1327,,3,1.0986122886681098
aghe1239,Aghem,,6.38956,10.0807,aghe1239,,2,0.6931471805599453
mfum1238,Southern Mfumte,,6.6,10.936386,mfum1238,,2,0.6931471805599453
nupo1239,Nupoid,,,,nupo1239,,3,1.0986122886681098
abar1238,Mungbam,,6.5805,10.2267,abar1238,,3,1.0986122886681098
tsho1240,Tshobdun,,32.18,101.84,tsho1240,,1,0.0
japh1234,Japhug,,32.1,102.36,japh1234,,3530,8.169053149927343
jiar1240,Northern Gyalrong,,31.60295,102.22875,jiar1240,,1,0.0
maia1254,Maia,,-4.50212,145.096,maia1254,,95,4.553876891600541
laca1243,Lacandon,,17.02093,-91.42348,laca1243,,14,2.6390573296152584
itza1241,Itzá,,17.0269,-89.8734,itza1241,,6,1.791759469228055
mopa1243,Mopán Maya,,16.3533,-89.0673,mopa1243,,56,4.02535169073515
hind1269,Hindi,,25.0,77.0,hind1269,,63,4.143134726391533
indo1321,Indo-Aryan,,,,indo1321,,11,2.3978952727983707
ngan1295,Ngandi,,-12.8448,134.649,ngan1295,,1,0.0
awad1243,Awadhi,,27.5907,82.4663,awad1243,,4,1.3862943611198906
oldm1244,Old Marathi,,18.0,75.0,oldm1244,,1,0.0
mara1378,Marathi,,17.9344,76.6665,mara1378,,3,1.0986122886681098
guja1252,Gujarati,,22.687,71.0962,guja1252,,5,1.6094379124341003
braj1242,Braj,,26.4758,78.0813,braj1242,,4,1.3862943611198906
bund1253,Bundeli,,24.8982,78.9542,bund1253,,2,0.6931471805599453
slav1255,Slavic,,,,slav1255,,27,3.295836866004329
anci1242,Ancient Greek,,39.8155,21.9129,anci1242,,54,3.9889840465642745
capp1239,Cappadocian Greek,,38.73,35.45,capp1239,,51,3.9318256327243257
halh1238,Halh Mongolian,,48.32397,106.28874,halh1238,,4,1.3862943611198906
teiw1235,Teiwa,,-8.37662,124.174,teiw1235,,88,4.477336814478207
kaer1234,Kaera,,-8.3287,124.0177,kaer1234,,6,1.791759469228055
abui1241,Abui,,-8.31058,124.588,abui1241,,78,4.356708826689592
blag1240,Blagar,,-8.31787,124.251,blag1240,,10,2.302585092994046
kelo1247,Klon,,-8.40688,124.429,kelo1247,,6,1.791759469228055
lamm1241,Western Pantar,,-8.52787,124.057,lamm1241,,37,3.6109179126442243
adan1251,Adang,,-8.18958,124.448,adan1251,,20,2.995732273553991
sawi1256,Sawila,,-8.29105,125.078,sawi1256,,4,1.3862943611198906
buna1278,Bunak,,-9.13618,125.216,buna1278,,4,1.3862943611198906
tobe1252,Tobelo,,1.0946,128.154,tobe1252,,9,2.1972245773362196
fore1270,Fore,,-6.64473,145.5065,fore1270,,4,1.3862943611198906
nucl1622,Marind,,-8.15651,140.009,nucl1622,,4,1.3862943611198906
enga1252,Enga,,-5.45619,143.685,enga1252,,1,0.0
mian1256,Mian,,-4.70881,141.523,mian1256,,2,0.6931471805599453
nucl1630,Barai,,-9.46246,147.899,nucl1630,,1,0.0
inan1242,Inanwatan,,,,inan1242,,2,0.6931471805599453
kama1365,Kamang,,-8.26897,124.792,kama1365,,51,3.9318256327243257
wers1238,Wersing,,-8.33936,124.932,wers1238,,23,3.1354942159291497
misk1235,Mískito,,15.1576,-84.2942,misk1235,,1,0.0
west2793,West Germanic,,,,west2793,,1,0.0
slov1268,Slovenian,,46.2543,14.7766,slov1268,,98,4.584967478670572
olds1249,Old Spanish,,41.5,-3.9,olds1249,,21,3.044522437723423
nort3139,North Levantine Arabic,,34.1709,36.0468,nort3139,,10,2.302585092994046
cant1236,Cantonese,,23.0118,113.2021,cant1236,,7,1.9459101490553132
uppe1398,Upper Austria Bavarian,,48.24,13.89,uppe1398,,22,3.091042453358316
macu1259,Macushi,,4.31861,-60.2209,macu1259,,5,1.6094379124341003
cent1989,Central Khmer,,12.0515,105.015,cent1989,,4,1.3862943611198906
inui1246,Inuit,,,,inui1246,,5,1.6094379124341003
niue1239,Niuean,,-19.06,-169.86,niue1239,,3,1.0986122886681098
aleu1260,Aleut,,52.1228,-174.29,aleu1260,,17,2.833213344056216
nezp1238,Nez Perce,,46.3073,-116.408,nezp1238,,6,1.791759469228055
chat1268,Chatino,,,,chat1268,,41,3.713572066704308
aika1237,Aikanã,,-12.6695,-60.5353,aika1237,,154,5.0369526024136295
hupd1244,Hup,,0.58622,-69.8359,hupd1244,,141,4.948759890378168
urub1250,Urubú-Kaapor,,-2.46455,-46.2204,urub1250,,44,3.784189633918261
mati1253,Matipuhy,,-12.0456,-53.3994,mati1253,,579,6.361302477572996
suya1243,Suyá,,-11.5178,-53.0743,suya1243,,98,4.584967478670572
guan1269,Kotiria,,1.07554,-69.5705,guan1269,,297,5.6937321388027
kwaz1243,Kwaza,,-11.6667,-61.1833,kwaz1243,,55,4.007333185232471
maru1252,Marúbo,,-6.60703,-72.4027,maru1252,,97,4.574710978503383
saku1239,Sakurabiat,,,,saku1239,,52,3.9512437185814275
suru1262,Suruí,,-11.0989,-61.2818,suru1262,,66,4.189654742026425
trum1247,Trumai,,-11.8119,-53.5717,trum1247,,51,3.9318256327243257
djin1251,Jingulu,,-17.165,133.659,djin1251,,15,2.70805020110221
warr1258,Warrwa,,-17.0965,123.971,warr1258,,2,0.6931471805599453
agua1253,Aguaruna,,-5.30044,-77.9218,agua1253,,14,2.6390573296152584
bats1242,Bats,,42.1806,45.344,bats1242,,19,2.9444389791664403
lith1251,Lithuanian,,55.1429,23.9601,lith1251,,43,3.7612001156935624
mait1250,Maithili,,26.3817,86.2211,mait1250,,4,1.3862943611198906
nucl1302,Georgian,,41.850397,43.78613,nucl1302,,7,1.9459101490553132
lite1247,Literary Hindi,,,,lite1247,,2,0.6931471805599453
copt1239,Coptic,,29.472,31.2053,copt1239,,48,3.871201010907891
olde1242,Old Egyptian,,,,olde1242,,1,0.0
late1256,Late Egyptian,,,,late1256,,4,1.3862943611198906
sahi1241,Sahidic,,,,sahi1241,,7,1.9459101490553132
lyco1237,Lycopolitan,,,,lyco1237,,19,2.9444389791664403
oldj1239,Old Japanese,,34.68333,135.8,oldj1239,,46,3.828641396489095
kxoe1243,Kxoe,,-16.59051,22.599835,kxoe1243,,16,2.772588722239781
dama1270,Damara,,,,dama1270,,6,1.791759469228055
shua1254,Shua,,-21.52,26.0238,shua1254,,5,1.6094379124341003
tsix1234,Ts'ixa,,-19.180953,23.998153,tsix1234,,8,2.0794415416798357
shek1243,Shekhawati,,27.34,75.407,shek1243,,1,0.0
maga1260,Magahi,,25.0915,85.3335,maga1260,,1,0.0
kuma1273,Kumaoni,,29.5622,80.0171,kuma1273,,5,1.6094379124341003
bhoj1244,Bhojpuri,,26.458455,84.817115,bhoj1244,,2,0.6931471805599453
tami1289,Tamil,,10.520219,78.825989,tami1289,,51,3.9318256327243257
hary1238,Haryanvi,,29.0166,76.0432,hary1238,,3,1.0986122886681098
avam1236,Avam,,,,avam1236,,21,3.044522437723423
nene1249,Tundra Nenets,,66.1775,71.0234,nene1249,,27,3.295836866004329
fore1265,Forest Enets,,69.9829,88.2121,fore1265,,22,3.091042453358316
sumi1235,Sumi Naga,,25.9996,94.4235,sumi1235,,29,3.367295829986474
khez1235,Khezha Naga,,25.7078,94.3114,khez1235,,2,0.6931471805599453
maoo1244,Mao,,,,maoo1244,,3,1.0986122886681098
esto1258,Estonian,,58.55,25.82,esto1258,,6,1.791759469228055
sout2674,South Saami,,62.8801,13.7006,sout2674,,8,2.0794415416798357
lule1254,Lule Saami,,67.2759,17.8057,lule1254,,1,0.0
skol1241,Skolt Saami,,68.8326,29.7204,skol1241,,2,0.6931471805599453
warl1254,Warlpiri,,-20.1008,131.05,warl1254,,5,1.6094379124341003
sout2959,South Slavey,,59.8794,-117.047,sout2959,,3,1.0986122886681098
nyul1248,Nyulnyulan,,,,nyul1248,,2,0.6931471805599453
urar1246,Urarina,,-4.44006,-75.4211,urar1246,,2,0.6931471805599453
shek1245,Sheko,,7.05022,35.2826,shek1245,,2,0.6931471805599453
yele1255,Yele,,-11.3796,154.127,yele1255,,1,0.0
saba1268,Sabanê,,-12.9857,-60.335,saba1268,,2,0.6931471805599453
indo1320,Indo-Iranian,,,,indo1320,,4,1.3862943611198906
ural1272,Uralic,,,,ural1272,,3,1.0986122886681098
aust1305,Austroasiatic,,,,aust1305,,1,0.0
guiq1238,Guiqiong,,30.4803,102.128,guiq1238,,2,0.6931471805599453
indo1319,Indo-European,,,,indo1319,,4,1.3862943611198906
tsez1239,Tsezic,,,,tsez1239,,10,2.302585092994046
khoe1241,Khoe,,,,khoe1241,,1,0.0
qian1264,Qiang,,,,qian1264,,2,0.6931471805599453
araw1282,Arawan,,,,araw1282,,4,1.3862943611198906
kusu1250,Kusunda,,28.33,82.6,kusu1250,,2,0.6931471805599453
timo1261,Timor-Alor-Pantar,,,,timo1261,,4,1.3862943611198906
tung1282,Tungusic,,,,tung1282,,3,1.0986122886681098
mong1329,Mongolic,,,,mong1329,,2,0.6931471805599453
barb1265,Barbacoan,,,,barb1265,,4,1.3862943611198906
ainu1252,Ainu,,,,ainu1252,,29,3.367295829986474
nivk1234,Nivkh,,,,nivk1234,,19,2.9444389791664403
alut1245,Alutor,,60.3844,165.653,alut1245,,5,1.6094379124341003
kory1246,Koryak,,63.8977,166.695,kory1246,,4,1.3862943611198906
kere1280,Kerek,,62.1777,175.07,kere1280,,3,1.0986122886681098
itel1242,West Itelmen,,56.046173,156.30704,itel1242,,7,1.9459101490553132
yupi1267,Yupik,,,,yupi1267,,17,2.833213344056216
ukra1253,Ukrainian,,49.796,29.945,ukra1253,,7,1.9459101490553132
kjac1234,Chinese Pidgin Russian,,,,kjac1234,,1,0.0
taim1252,Taimyr Pidgin Russian,,69.52,88.53,taim1252,,2,0.6931471805599453
saka1298,Saka,,,,saka1298,,2,0.6931471805599453
sogd1245,Sogdian,,39.7,66.983,sogd1245,,3,1.0986122886681098
sari1246,Sarikoli,,37.905,75.1449,sari1246,,7,1.9459101490553132
tokh1243,Tokharian B,,41.65,82.9,tokh1243,,2,0.6931471805599453
tokh1242,Tokharian A,,42.98,89.18,tokh1242,,3,1.0986122886681098
yila1234,Yilan Creole Japanese,,24.381274,121.574283,yila1234,,4,1.3862943611198906
atay1247,Atayal,,24.5209,121.388,atay1247,,3,1.0986122886681098
uraa1244,Ura,,27.466667,90.9,uraa1244,,5,1.6094379124341003
sout2954,Southern Amami-Oshima,,28.1955,129.28521,sout2954,,7,1.9459101490553132
yoro1243,Yoron,,27.0407,128.428,yoro1243,,3,1.0986122886681098
shur1243,Shuri,,26.21699,127.7224,shur1243,,11,2.3978952727983707
cent2126,Central Okinawan,,26.14854,127.7816,cent2126,,4,1.3862943611198906
miya1259,Miyako,,24.7564,125.363,miya1259,,21,3.044522437723423
hate1238,Hateruma,,24.059,123.78,hate1238,,2,0.6931471805599453
hato1238,Hatoma,,,,hato1238,,6,1.791759469228055
yona1241,Yonaguni,,24.44997,122.99075,yona1241,,4,1.3862943611198906
sona1243,Sonai,,,,sona1243,,5,1.6094379124341003
hakk1236,Hakka Chinese,,25.0,116.0,hakk1236,,19,2.9444389791664403
midd1372,Middle Korean,,37.93313,126.59918,midd1372,,3,1.0986122886681098
mong1331,Mongolian,,,,mong1331,,24,3.1780538303479458
mong1330,Mongolia Buriat,,48.7686,109.005,mong1330,,9,2.1972245773362196
midd1351,Middle Mongol,,48.72618,108.6745,midd1351,,3,1.0986122886681098
daur1238,Dagur,,48.0,124.0,daur1238,,11,2.3978952727983707
kham1281,Khamnigan Mongol,,49.0,117.0,kham1281,,4,1.3862943611198906
ordo1245,Ordos,,42.42,110.16,ordo1245,,2,0.6931471805599453
kalm1243,Oirad-Kalmyk-Darkhat,,46.566667,45.316667,kalm1243,,1,0.0
east2337,East Yugur,,38.83687,99.61725,east2337,,1,0.0
bona1250,Bonan,,35.515,102.01778,bona1250,,9,2.1972245773362196
kang1281,Kangjia,,35.043,101.254,kang1281,,7,1.9459101490553132
dong1285,Dongxiang,,35.66354,103.38952,dong1285,,12,2.4849066497880004
huzh1238,Mongghul,,36.84174,101.95904,huzh1238,,8,2.0794415416798357
minh1238,Mangghuer,,36.33736,102.80434,minh1238,,8,2.0794415416798357
oldc1244,Old Chinese,,36.12,114.32,oldc1244,,2,0.6931471805599453
dung1253,Dungan,,42.7292,76.8382,dung1253,,3,1.0986122886681098
uigh1240,Uighur,,43.88,87.38,uigh1240,,45,3.8066624897703196
wutu1241,Wutunhua,,35.269,101.957,wutu1241,,9,2.1972245773362196
tang1373,Tangwang,,35.803799,103.54273,tang1373,,3,1.0986122886681098
gang1272,Gangou,,35.55,102.43,gang1272,,2,0.6931471805599453
tibe1276,Middle Old Tibetan,,,,tibe1276,,12,2.4849066497880004
amdo1237,Amdo Tibetan,,34.5177,100.485,amdo1237,,4,1.3862943611198906
qian1263,Qiangic,,,,qian1263,,7,1.9459101490553132
baim1244,Baima,,33.1001,103.952,baim1244,,2,0.6931471805599453
even1260,Even,,70.6687,130.914,even1260,,9,2.1972245773362196
oroq1238,Oroqen,,50.6319,125.017,oroq1238,,12,2.4849066497880004
solo1263,Solon,,48.166,119.4873,solo1263,,11,2.3978952727983707
nana1257,Nanai,,48.43426,134.79726,nana1257,,6,1.791759469228055
negi1245,Negidal,,52.96584,139.20575,negi1245,,4,1.3862943611198906
udih1248,Udihe,,46.63086,135.67762,udih1248,,16,2.772588722239781
kile1243,Kilen,,47.585,132.48,kile1243,,8,2.0794415416798357
jurc1239,Jurchen,,44.412626,126.866803,jurc1239,,2,0.6931471805599453
orok1265,Orok,,49.36393,143.12819,orok1265,,9,2.1972245773362196
manc1252,Manchu,,47.31225,126.55713,manc1252,,26,3.258096538021482
sibe1252,Sibe,,,,sibe1252,,9,2.1972245773362196
bala1299,Bala,,,,bala1299,,3,1.0986122886681098
sala1264,Salar,,35.5457,102.819,sala1264,,7,1.9459101490553132
tata1255,Tatar,,55.79592,49.11577,tata1255,,25,3.2188758248682006
kaza1248,Kazakh,,51.17,71.454,kaza1248,,13,2.5649493574615367
kirg1245,Kirghiz,,42.0,74.0,kirg1245,,7,1.9459101490553132
ainu1251,Ainu (China),,39.2714,76.4209,ainu1251,,1,0.0
ilit1241,Ili Turki,,44.0089,80.4957,ilit1241,,2,0.6931471805599453
uzbe1247,Uzbek,,,,uzbe1247,,6,1.791759469228055
tuvi1240,Tuvinian,,51.7,94.36667,tuvi1240,,9,2.1972245773362196
tofa1248,Tofa,,,,tofa1248,,2,0.6931471805599453
khak1248,Khakas,,50.73933,107.16939,khak1248,,6,1.791759469228055
shor1247,Shor,,52.32607,88.4344,shor1247,,2,0.6931471805599453
nort2686,Northern Altai,,50.8998,88.0672,nort2686,,3,1.0986122886681098
chul1246,Chulym Turkic,,54.3209,89.5541,chul1246,,4,1.3862943611198906
yaku1245,Sakha,,61.69744,133.98031,yaku1245,,31,3.4339872044851463
dolg1241,Dolgan,,71.10828,94.29358,dolg1241,,3,1.0986122886681098
ngan1291,Nganasan,,73.1354,86.2106,ngan1291,,5,1.6094379124341003
enet1250,Enets,,,,enet1250,,3,1.0986122886681098
nene1251,Nenets,,,,nene1251,,14,2.6390573296152584
selk1253,Selkup,,59.9409,82.3004,selk1253,,2,0.6931471805599453
kama1351,Kamas-Koibal,,55.07,94.83,kama1351,,3,1.0986122886681098
kett1243,Ket,,63.7551,87.5466,kett1243,,10,2.302585092994046
yugh1239,Yugh,,60.8778,89.7479,yugh1239,,4,1.3862943611198906
kott1239,Kott-Assan,,55.0,94.0,kott1239,,1,0.0
kiow1264,Kiowa Apache,,34.9077,-98.2461,kiow1264,,2,0.6931471805599453
eyak1241,Eyak,,60.4232,-144.762,eyak1241,,2,0.6931471805599453
tlin1245,Tlingit,,59.4447,-135.29,tlin1245,,2,0.6931471805599453
nava1243,Navajo,,36.33,-109.38,nava1243,,1,0.0
yuka1259,Yukaghir,,,,yuka1259,,22,3.091042453358316
malt1254,Maltese,,35.8884,14.4508,malt1254,,86,4.454347296253507
coro1247,Corongo Ancash Quechua,,-8.57647,-77.9864,coro1247,,1,0.0
czec1258,Czech,,49.873398,15.10437,czec1258,,220,5.393627546352362
germ1287,Germanic,,,,germ1287,,35,3.5553480614894135
mace1250,Macedonian,,41.5957,21.7932,mace1250,,38,3.6375861597263857
chur1257,Church Slavic,,43.7171,22.8442,chur1257,,13,2.5649493574615367
stan1289,Catalan,,41.453,1.569,stan1289,,69,4.23410650459726
abar1239,Abar,,,,abar1239,,1,0.0
ngwo1241,Ngwo,,6.17739,9.84369,ngwo1241,,4,1.3862943611198906
resh1242,Reshe,,10.77046,4.62395,resh1242,,1,0.0
bali1278,Balinese,,-8.35714,115.075,bali1278,,46,3.828641396489095
taki1251,Takivatan,,,,taki1251,,6,1.791759469228055
bunu1267,Bunun,,23.4116,121.025,bunu1267,,20,2.995732273553991
stan1306,Standard Malay,,3.08896,101.699,stan1306,,11,2.3978952727983707
toto1304,Totoli,,1.14995,120.875,toto1304,,2,0.6931471805599453
waim1252,Waima'a,,-8.53416,126.317,waim1252,,8,2.0794415416798357
sund1252,Sundanese,,-6.89708,107.106,sund1252,,1,0.0
kula1284,Kulawi,,,,kula1284,,1,0.0
bala1315,Balantak,,-0.86809,123.289,bala1315,,3,1.0986122886681098
mara1404,Maranao,,7.79414,124.175,mara1404,,2,0.6931471805599453
mala1479,Central Malay,,1.85856,103.0,mala1479,,45,3.8066624897703196
sumb1241,Sumbawa,,-8.71919,117.472,sumb1241,,48,3.871201010907891
bima1247,Bima,,-8.57376,118.445,bima1247,,2,0.6931471805599453
vera1241,Vera'a,,-13.892528,167.428701,vera1241,,35,3.5553480614894135
motl1237,Mwotlap,,-13.655015,167.706277,motl1237,,4,1.3862943611198906
bisl1239,Bislama,,-15.4,166.89,bisl1239,,4,1.3862943611198906
taro1264,Seediq,,23.9032,121.358,taro1264,,50,3.912023005428146
teru1237,Teruku,,,,teru1237,,4,1.3862943611198906
sira1267,Sirayaic,,22.9777,120.315,sira1267,,1,0.0
wara1294,Anta-Komnzo-Wára-Wérè-Kémä,,-8.64917,141.52,wara1294,,858,6.754604099487962
bili1250,Bilinarra,,-16.868771,130.533991,bili1250,,3,1.0986122886681098
nenn1238,Nen,,-8.62183,142.032,nenn1238,,8,2.0794415416798357
aram1253,Arammba,,-8.29593,141.445,aram1253,,4,1.3862943611198906
kunj1246,Kánchá,,-8.92289,141.424,kunj1246,,2,0.6931471805599453
kaya1319,Kayardild,,-17.0695,139.489,kaya1319,,5,1.6094379124341003
anta1254,Anta,,,,anta1254,,11,2.3978952727983707
kala1397,Kalam,,-5.25216,144.585,kala1397,,4,1.3862943611198906
ngka1235,Ngkontar Ngkolmpu,,-8.87044,140.818,ngka1235,,2,0.6931471805599453
tond1250,Tonda,,,,tond1250,,3,1.0986122886681098
nama1265,Nama,,,,nama1265,,1,0.0
suki1245,Suki,,-8.04783,141.842,suki1245,,1,0.0
woii1237,Woi,,-1.62746,135.484,woii1237,,1,0.0
alam1246,Alamblak,,-4.66307,143.316,alam1246,,3,1.0986122886681098
yima1243,Yimas,,-4.71731,143.572,yima1243,,3,1.0986122886681098
paam1238,Paama,,-16.47548,168.23693,paam1238,,2,0.6931471805599453
tuka1247,Tukang Besi,,,,tuka1247,,1,0.0
maib1239,Maybrat-Karon,,-1.3679,132.591,maib1239,,2,0.6931471805599453
otta1242,Ottawa,,44.5988,-83.226,otta1242,,4,1.3862943611198906
noct1238,Nocte Naga,,27.152,95.3903,noct1238,,4,1.3862943611198906
kaqc1270,Kaqchikel,,14.4662,-90.9881,kaqc1270,,6,1.791759469228055
lard1243,Lardil,,-16.56152,139.4343,lard1243,,6,1.791759469228055
panj1256,Eastern Panjabi,,30.0368,75.6702,panj1256,,23,3.1354942159291497
neap1235,Continental Southern Italian,,39.2288,16.4225,neap1235,,80,4.382026634673881
kurd1259,Kurdish,,,,kurd1259,,12,2.4849066497880004
arom1237,Aromanian,,40.616,21.2,arom1237,,1,0.0
mart1255,Martuthunira,,-20.9294,116.607,mart1255,,3,1.0986122886681098
kash1277,Kashmiri,,34.166825,74.330455,kash1277,,6,1.791759469228055
sout2857,Nahavaq,,-16.5116,167.477,sout2857,,6,1.791759469228055
siro1249,Siroi,,-5.52893,145.994,siro1249,,2,0.6931471805599453
cavi1250,Cavineña,,-13.3544,-66.6277,cavi1250,,5,1.6094379124341003
koro1312,Korowai,,-5.26952,140.047,koro1312,,44,3.784189633918261
aime1238,Aimele,,-6.68656,142.656,aime1238,,81,4.394449154672439
mafe1237,Mafea,,-15.4316,167.241,mafe1237,,35,3.5553480614894135
hmon1333,Hmong Daw,,21.5461,103.164,hmon1333,,90,4.499809670330265
maee1241,Tirax,,-15.9914,167.288,maee1241,,2,0.6931471805599453
sunw1242,Sunwar,,27.5201,86.2476,sunw1242,,2,0.6931471805599453
wamb1259,Wambon,,-5.44334,140.48,wamb1259,,6,1.791759469228055
balu1257,Paluai,,-2.5604,147.282,balu1257,,3,1.0986122886681098
sauk1252,Ma Manda,,-6.31958,146.759,sauk1252,,5,1.6094379124341003
onoo1246,Ono,,-6.19223,147.579,onoo1246,,2,0.6931471805599453
timb1251,Timbe,,-6.06875,147.057,timb1251,,2,0.6931471805599453
dido1241,Tsez,,42.2646,45.8096,dido1241,,32,3.4657359027997265
tari1256,Tariana,,0.440205,-68.9042,tari1256,,3,1.0986122886681098
yong1280,Yonggom,,-6.42956,141.213,yong1280,,2,0.6931471805599453
koko1269,Kokota,,-8.16481,159.191,koko1269,,2,0.6931471805599453
muru1274,Murui Huitoto,,-1.13669,-73.8331,muru1274,,3,1.0986122886681098
mach1267,Machiguenga,,-12.1291,-72.5017,mach1267,,16,2.772588722239781
head1238,Nungon,,,,head1238,,1,0.0
hunz1247,Hunzib,,42.0808,46.1369,hunz1247,,22,3.091042453358316
hinu1240,Hinuq,,42.4502,45.8064,hinu1240,,15,2.70805020110221
khva1239,Khwarshi-Inkhoqwari,,42.2743,45.9977,khva1239,,17,2.833213344056216
bezh1248,Bezhta,,42.1206,46.0332,bezh1248,,3,1.0986122886681098
agul1244,Agul,,,,agul1244,,2,0.6931471805599453
mand1473,Mandobo,,,,mand1473,,3,1.0986122886681098
siee1239,Sie,,-18.8181,169.166,siee1239,,3,1.0986122886681098
isth1244,Isthmus Zapotec,,16.4548,-94.8444,isth1244,,443,6.093569770045136
karb1241,Hills Karbi,,25.7317,93.0462,karb1241,,1,0.0
coos1249,Hanis,,43.4413,-124.16,coos1249,,1,0.0
waya1269,Wayana,,2.77537,-54.4429,waya1269,,1,0.0
gali1262,Galibi Carib,,5.83772,-56.8323,gali1262,,1,0.0
utoa1244,Uto-Aztecan,,,,utoa1244,,1,0.0
viet1252,Vietnamese,,20.681188,105.774071,viet1252,,2,0.6931471805599453
mapu1245,Mapudungun,,-38.7392,-71.277,mapu1245,,3,1.0986122886681098
nucl1328,Wambaya,,,,nucl1328,,2,0.6931471805599453
amel1241,Amele,,-5.29126,145.687,amel1241,,3,1.0986122886681098
olde1238,Old English (ca. 450-1100),,51.06,-1.31,olde1238,,8,2.0794415416798357
mayo1261,Mayogo,,2.79827,27.8282,mayo1261,,1,0.0
toab1237,To'abaita,,-8.39233,160.619,toab1237,,1,0.0
jams1239,Jamsay Dogon,,14.1794,-2.57999,jams1239,,3,1.0986122886681098
lezg1247,Lezgian,,41.5157,47.8951,lezg1247,,3,1.0986122886681098
yagu1244,Yagua,,-3.42913,-72.2186,yagu1244,,6,1.791759469228055
nupe1254,Nupe-Nupe-Tako,,9.18404,5.40031,nupe1254,,1,0.0
sino1245,Sino-Tibetan,,,,sino1245,,2,0.6931471805599453
yace1238,Yace,,6.84259,8.84077,yace1238,,1,0.0
nuuu1241,Ghaap-Kalahari,,-29.7054,19.0841,nuuu1241,,5,1.6094379124341003
lukp1238,Lukpa,,9.51949,1.66954,lukp1238,,6,1.791759469228055
iraq1241,Iraqw,,-4.19948,35.2939,iraq1241,,2,0.6931471805599453
cent2050,Central Kanuri,,11.8,13.13,cent2050,,10,2.302585092994046
utee1244,Ute,,38.0,-109.0,utee1244,,4,1.3862943611198906
loni1238,Loniu,,-2.06124,147.35,loni1238,,5,1.6094379124341003
taik1252,Tai-Kana,,,,taik1252,,1,0.0
kwom1262,Kwoma,,-4.08721,142.664,kwom1262,,1,0.0
donn1239,Donno So Dogon,,14.34019,-3.51468,donn1239,,3,1.0986122886681098
wann1242,Wan,,7.88773,-5.82092,wann1242,,1,0.0
awtu1239,Awtuw,,-3.53129,141.928,awtu1239,,2,0.6931471805599453
mamm1241,Mam,,14.8034,-91.7231,mamm1241,,3,1.0986122886681098
tama1365,Tamasheq,,14.2038,-2.41269,tama1365,,1,0.0
lolo1267,Loloish,,,,lolo1267,,4,1.3862943611198906
ingu1240,Ingush,,43.11,45.03,ingu1240,,6,1.791759469228055
chum1261,Chumburung,,8.15211,-0.2755,chum1261,,4,1.3862943611198906
lele1264,Lelemi,,7.34549,0.50746,lele1264,,1,0.0
uduk1239,Uduk,,9.16012,34.2293,uduk1239,,40,3.6888794541139363
valm1241,Walman,,-3.24963,142.499,valm1241,,63,4.143134726391533
torr1259,Aro,,-3.45292,142.622,torr1259,,3,1.0986122886681098
hali1245,Coastal Marind,,,,hali1245,,15,2.70805020110221
sepi1257,Sepik,,,,sepi1257,,5,1.6094379124341003
mekk1240,Mek,,,,mekk1240,,10,2.302585092994046
roto1249,Rotokas,,-5.94339,155.154,roto1249,,5,1.6094379124341003
burm1264,Burmeso,,-2.47582,138.203,burm1264,,3,1.0986122886681098
nort2933,North Bougainville,,,,nort2933,,2,0.6931471805599453
usho1238,Ushojo,,35.1584,72.643,usho1238,,4,1.3862943611198906
khow1242,Khowar,,36.0,72.0,khow1242,,4,1.3862943611198906
dame1241,Dameli,,35.299,71.6806,dame1241,,3,1.0986122886681098
indu1241,Indus Kohistani,,35.3389,73.0154,indu1241,,2,0.6931471805599453
kala1373,Gawri,,35.5303,72.5738,kala1373,,3,1.0986122886681098
bate1261,Bateri,,34.9582,72.92674,bate1261,,2,0.6931471805599453
gawa1247,Gawar-Bati,,35.1982,71.5428,gawa1247,,3,1.0986122886681098
kala1372,Chitral Kalasha,,35.6415,71.6657,kala1372,,1,0.0
kohi1248,Kohistani Shina,,35.1741,73.3207,kohi1248,,4,1.3862943611198906
buru1296,Burushaski,,36.2161,74.8236,buru1296,,3,1.0986122886681098
chir1284,Chirag,,41.869481,47.41111,chir1284,,2,0.6931471805599453
mege1234,Megeb,,,,mege1234,,215,5.3706380281276624
bagv1239,Bagvalal,,42.3966,46.1041,bagv1239,,1,0.0
udii1243,Udi,,40.9,47.7236,udii1243,,3,1.0986122886681098
nafa1256,Nafara,,,,nafa1256,,26,3.258096538021482
nucl1347,Wolof,,15.2534,-15.383,nucl1347,,67,4.204692619390966
genn1243,Gen,,6.25971,1.67727,genn1243,,17,2.833213344056216
nyam1276,Nyamwezi,,-5.08559,32.94452,nyam1276,,2,0.6931471805599453
hehe1240,Hehe,,-7.71572,35.7255,hehe1240,,50,3.912023005428146
ikal1242,Ikalanga,,,,ikal1242,,64,4.1588830833596715
abee1242,Abé,,5.59682,-4.38497,abee1242,,3,1.0986122886681098
tagw1240,Tagwana Senoufo,,8.67053,-5.17372,tagw1240,,29,3.367295829986474
cuev1239,Cuevas Mixtec,,,,cuev1239,,3,1.0986122886681098
taba1266,Tabasco Chontal,,18.1713,-92.7367,taba1266,,46,3.828641396489095
nort2626,Northern Frisian,,54.6409,8.58489,nort2626,,2,0.6931471805599453
amar1273,Amarasi,,-10.21751,123.96373,amar1273,,256,5.545177444479562
kala1399,Kalaallisut,,69.3761,-52.864,kala1399,,13,2.5649493574615367
tuyu1244,Tuyuca,,0.39441,-70.043515,tuyu1244,,5,1.6094379124341003
turk1303,Turkic Khalaj,,34.42237,50.32223,turk1303,,1,0.0
chey1247,Cheyenne,,45.5321,-106.659,chey1247,,1,0.0
kima1244,Kimaragang,,6.61982,116.96,kima1244,,5,1.6094379124341003
saka1296,Jalking,,11.142643,18.139694,saka1296,,8,2.0794415416798357
tokp1240,Tok Pisin,,-9.41971,147.303,tokp1240,,5,1.6094379124341003
nort3142,North Mesopotamian Arabic,,36.2986,42.0047,nort3142,,2,0.6931471805599453
diml1238,Dimli,,38.6147,39.6388,diml1238,,1,0.0
safa1245,Safaitic,,,,safa1245,,1,0.0
aram1259,Aramaic,,,,aram1259,,2,0.6931471805599453
nubi1253,Nubi,,-0.183215,34.7552,nubi1253,,7,1.9459101490553132
bari1284,Bari,,4.19522,31.0723,bari1284,,5,1.6094379124341003
acol1236,Acoli,,3.57738,32.5147,acol1236,,2,0.6931471805599453
dink1262,Dinka,,,,dink1262,,1,0.0
luwo1239,Luwo,,7.35089,28.1378,luwo1239,,1,0.0
zand1248,Zande,,4.62047,26.7157,zand1248,,1,0.0
pidg1248,Pidgin Gulf Arabic,,,,pidg1248,,4,1.3862943611198906
berb1260,Berber,,,,berb1260,,17,2.833213344056216
bath1244,Bathari,,17.4485,53.119,bath1244,,5,1.6094379124341003
mehr1241,Mehri,,16.793,52.473,mehr1241,,4,1.3862943611198906
kaby1243,Kabyle,,36.4103,4.76137,kaby1243,,2,0.6931471805599453
tago1246,Tagoi,,12.0346,30.9306,tago1246,,1,0.0
koal1240,Koalib-Rere,,11.69648,30.47166,koal1240,,1,0.0
taji1245,Tajik,,38.8213,68.5549,taji1245,,1,0.0
assy1241,Assyrian Neo-Aramaic,,36.75,43.0,assy1241,,5,1.6094379124341003
egyp1253,Egyptian Arabic,,31.0,31.0,egyp1253,,4,1.3862943611198906
anti1246,Antioch,,,,anti1246,,2,0.6931471805599453
beja1238,Beja,,17.2436,36.6666,beja1238,,3,1.0986122886681098
sici1248,Sicilian,,37.5735,14.0414,sici1248,,5,1.6094379124341003
nabl1238,Jerusalem Domari,,,,nabl1238,,8,2.0794415416798357
midd1317,Middle English,,51.65,-1.11,midd1317,,1,0.0
mana1295,Manam,,-4.07921,145.033,mana1295,,2,0.6931471805599453
kumz1235,Kumzari,,26.1602,56.4202,kumz1235,,1,0.0
tuar1240,Tuareg,,,,tuar1240,,1,0.0
awji1241,Awjilah,,29.2341,21.1819,awji1241,,3,1.0986122886681098
siwi1239,Siwi,,29.200415,25.519627,siwi1239,,64,4.1588830833596715
doma1258,Domari,,32.0,35.0,doma1258,,3,1.0986122886681098
cent1972,Central Kurdish,,35.6539,45.8077,cent1972,,4,1.3862943611198906
clas1252,Classical Syriac,,37.1129,42.1432,clas1252,,2,0.6931471805599453
sout3123,South Levantine Arabic,,31.5601,38.0837,sout3123,,1,0.0
cypr1249,Cypriot Greek,,34.924591,32.978113,cypr1249,,19,2.9444389791664403
igoo1238,Igo,,7.25499,0.67846,igoo1238,,2,0.6931471805599453
nalc1240,Nalca,,-4.26068,139.883,nalc1240,,1,0.0
mich1243,Michif,,49.1681,-99.9119,mich1243,,1,0.0
namb1299,Nambiquaran,,,,namb1299,,1,0.0
texm1235,Texmelucan Zapotec,,16.49197,-97.08947,texm1235,,1,0.0
pali1279,Palikúr,,3.63993,-51.6246,pali1279,,2,0.6931471805599453
pnar1238,Pnar,,24.8237,92.2628,pnar1238,,4,1.3862943611198906
mund1330,Mundurukú,,-8.41095,-57.691,mund1330,,3,1.0986122886681098
sant1410,Santali,,25.0317,87.8185,sant1410,,1,0.0
malt1248,Malto,,,,malt1248,,2,0.6931471805599453
uban1244,Ubangi,,,,uban1244,,1,0.0
otom1299,Otomanguean,,,,otom1299,,1,0.0
anim1240,Anim,,,,anim1240,,2,0.6931471805599453
oksa1245,Oksapmin,,-5.20797,142.177,oksa1245,,2,0.6931471805599453
algo1257,Algonquian,,,,algo1257,,1,0.0
khas1268,Khasian,,,,khas1268,,3,1.0986122886681098
nilo1247,Nilotic,,,,nilo1247,,1,0.0
mixt1427,Mixtec,,,,mixt1427,,1,0.0
bora1262,Boran,,,,bora1262,,2,0.6931471805599453
sout2772,Southern Daly,,,,sout2772,,1,0.0
balt1257,Baltic Romani,,60.0,38.0,balt1257,,3,1.0986122886681098
lezg1248,Lezgic,,,,lezg1248,,1,0.0
koma1264,Koman,,,,koma1264,,1,0.0
taaa1242,Taa,,,,taaa1242,,4,1.3862943611198906
nakh1245,Nakh-Daghestanian,,,,nakh1245,,1,0.0
iroq1247,Iroquoian,,,,iroq1247,,2,0.6931471805599453
maun1240,Mawng,,-11.66,133.376,maun1240,,1,0.0
cush1243,Cushitic,,,,cush1243,,10,2.302585092994046
sout2789,Central Dagaare,,10.4226,-2.52265,sout2789,,106,4.663439094112067
tehu1242,Tehuelche,,-47.5796,-68.3235,tehu1242,,1,0.0
dann1241,Dan,,7.22812,-8.24535,dann1241,,1,0.0
sanz1248,Sanzhi,,,,sanz1248,,1905,7.552237287560802
nand1264,Nande,,-0.24904,29.0243,nand1264,,53,3.970291913552122
east2774,East Khanty,,,,east2774,,25,3.2188758248682006
cusc1236,Cusco Quechua,,-14.0853,-71.7663,cusc1236,,3,1.0986122886681098
bava1246,Bavarian,,47.9232,13.246,bava1246,,4,1.3862943611198906
ghod1238,Godoberi,,42.7428,46.2252,ghod1238,,1,0.0
pass1249,Passamaquoddy,,,,pass1249,,14,2.6390573296152584
siks1238,Siksika,,49.0669,-113.109,siks1238,,2,0.6931471805599453
vlaa1240,Western Flemish,,51.0754,3.11345,vlaa1240,,38,3.6375861597263857
kips1239,Kipsigis,,-0.35774,35.258532,kips1239,,9,2.1972245773362196
luva1239,Luvale,,-13.5382,22.2924,luva1239,,2,0.6931471805599453
gbee1241,Gbe,,,,gbee1241,,1,0.0
lele1270,Lele (Papua New Guinea),,-2.04783,147.207,lele1270,,1,0.0
moro1285,Moro,,10.9194,30.2138,moro1285,,1,0.0
bata1289,Batak Toba,,2.35498,99.1761,bata1289,,5,1.6094379124341003
edoo1240,Edo,,,,edoo1240,,1,0.0
telu1262,Telugu,,16.4529,78.7024,telu1262,,1,0.0
pash1269,Pashto,,,,pash1269,,3,1.0986122886681098
dogo1299,Dogon,,,,dogo1299,,1,0.0
onei1249,Oneida,,43.438742,-75.708106,onei1249,,2,0.6931471805599453
coas1300,Coast Tsimshian,,,,coas1300,,3,1.0986122886681098
moha1258,Mohawk,,43.72,-74.66836,moha1258,,1,0.0
toto1306,Totoro,,2.55149,-76.6379,toto1306,,72,4.276666119016055
nort2973,Northern Pastaza Quichua,,-1.88573,-76.0389,nort2973,,2,0.6931471805599453
murr1259,Murrinhpatha,,,,murr1259,,4,1.3862943611198906
atti1240,Attic,,,,atti1240,,34,3.5263605246161616
dori1248,Doric,,,,dori1248,,13,2.5649493574615367
goth1244,Gothic,,46.9304,29.9786,goth1244,,5,1.6094379124341003
umbr1253,Umbrian,,42.75,13.02,umbr1253,,3,1.0986122886681098
achi1257,Acehnese,,3.90757,96.6032,achi1257,,2,0.6931471805599453
puyu1239,Puyuma,,22.643,120.996,puyu1239,,3,1.0986122886681098
tune1261,Tunen,,4.75,10.67,tune1261,,2,0.6931471805599453
lang1320,Langi,,-4.71413,35.9517,lang1320,,2,0.6931471805599453
luba1249,Luba-Lulua,,-5.72717,22.4422,luba1249,,3,1.0986122886681098
basa1284,Basa (Cameroon),,3.80765,10.4213,basa1284,,4,1.3862943611198906
bemb1255,Bembe,,-4.49057,29.0507,bemb1255,,5,1.6094379124341003
arch1244,Archi,,42.3239,46.8267,arch1244,,1,0.0
fonn1241,Fon,,7.15484,1.66495,fonn1241,,7,1.9459101490553132
lavu1241,Lavukaleve,,-9.05569,159.119,lavu1241,,2,0.6931471805599453
tian1238,Tianjin Mandarin,,39.186072,117.215424,tian1238,,2,0.6931471805599453
kumb1268,Kumbainggar,,-29.8189,152.913,kumb1268,,1,0.0
dyir1250,Dyirbal,,-17.4516,145.544,dyir1250,,2,0.6931471805599453
kuma1276,Nêlêmwa-Nixumwak,,-20.4035,164.193,kuma1276,,6,1.791759469228055
kava1241,Kavalan,,24.6947,121.645,kava1241,,2,0.6931471805599453
amis1246,Amis,,23.0917,121.348,amis1246,,3,1.0986122886681098
scot1245,Scottish Gaelic,,56.7574,-5.24366,scot1245,,65,4.174387269895637
mikm1235,Mi'kmaq,,46.0,-64.0,mikm1235,,4,1.3862943611198906
yueh1236,Yuehai,,,,yueh1236,,2,0.6931471805599453
oldi1245,Early Irish,,53.0,-8.0,oldi1245,,1,0.0
raja1256,Rajasthani,,,,raja1256,,1,0.0
occi1239,Occitan,,44.1415,6.82979,occi1239,,1,0.0
geno1240,Genoese,,,,geno1240,,1,0.0
emil1241,Emiliano,,44.3536,11.5794,emil1241,,1,0.0
friu1240,Friulian,,46.1473,13.0493,friu1240,,1,0.0
nucl1460,Madurese,,-7.0,113.0,nucl1460,,1,0.0
gayo1244,Gayo,,4.3733,97.3456,gayo1244,,1,0.0
samb1305,Samba Leko,,8.19236,11.7366,samb1305,,1,0.0
tali1258,Talinga-Bwisi,,0.676185,29.9494,tali1258,,1,0.0
tigr1270,Tigre,,17.3494,38.2233,tigr1270,,2,0.6931471805599453
gali1258,Galician,,42.2446,-7.5343,gali1258,,1,0.0
paum1247,Paumari,,-5.78403,-64.2803,paum1247,,5,1.6094379124341003
kham1286,Kham,,,,kham1286,,5,1.6094379124341003
west2721,West Central Oromo,,8.81391,36.7365,west2721,,2,0.6931471805599453
kimb1241,Kimbundu,,-8.97835,14.8893,kimb1241,,1,0.0
rund1242,Rundi,,-2.94,29.97,rund1242,,2,0.6931471805599453
fris1239,Frisian,,,,fris1239,,3,1.0986122886681098
gunw1252,Bininj Kun-Wok,,-12.3398,133.358,gunw1252,,1,0.0
belh1239,Belhariya,,26.9972,87.2783,belh1239,,7,1.9459101490553132
oldp1257,Old Portuguese,,,,oldp1257,,2,0.6931471805599453
bosn1245,Bosnian Standard,,43.859,17.046,bosn1245,,14,2.6390573296152584
pana1305,Panamint,,36.0007,-117.901,pana1305,,2,0.6931471805599453
oldh1241,Old High German (ca. 750-1050),,52.0,10.0,oldh1241,,1,0.0
chum1264,Chumash,,,,chum1264,,3,1.0986122886681098
bari1286,Bariai,,-5.5087,148.666,bari1286,,1,0.0
usan1239,Usan,,-4.84265,145.362,usan1239,,4,1.3862943611198906
epen1239,Epena,,4.25877,-77.3566,epen1239,,2,0.6931471805599453
midd1343,Middle High German,,48.254,10.599,midd1343,,3,1.0986122886681098
noon1242,Noon,,14.792,-16.9205,noon1242,,3,1.0986122886681098
yura1255,Yuracaré,,-16.7479,-65.1224,yura1255,,1,0.0
mana1298,Manambu,,-4.19082,142.862,mana1298,,1,0.0
kora1295,Korafe,,,,kora1295,,2,0.6931471805599453
wuuu1240,Wu,,,,wuuu1240,,4,1.3862943611198906
stra1246,Straits Salish,,,,stra1246,,2,0.6931471805599453
nort3160,North Germanic,,,,nort3160,,1,0.0
avat1244,Avatime,,6.8688,0.41314,avat1244,,68,4.219507705176107
dadi1249,Dadiya,,9.62705,11.3587,dadi1249,,26,3.258096538021482
seek1238,Seeku,,11.1285,-4.58203,seek1238,,4,1.3862943611198906
gyel1242,Gyele,,2.47457,10.2493,gyel1242,,1311,7.1785454837637
konk1269,Konkomba,,9.82224,0.2783,konk1269,,79,4.3694478524670215
mosi1247,Akie,,-5.43471,37.1869,mosi1247,,3,1.0986122886681098
gabo1234,Gabogbo,,5.964761,-5.841819,gabo1234,,24,3.1780538303479458
buli1254,Buli (Ghana),,10.5763,-1.26748,buli1254,,52,3.9512437185814275
surs1245,Sursilvan-Oberland,,,,surs1245,,1355,7.2115567333138015
suts1235,Sutsilvan,,,,suts1235,,3,1.0986122886681098
kuan1248,Kuanua,,-4.30986,152.114,kuan1248,,2,0.6931471805599453
bamb1269,Bambara,,12.9,-7.65,bamb1269,,2,0.6931471805599453
band1358,Bandjalang,,,,band1358,,2,0.6931471805599453
chim1301,Chimariko,,41.0,-123.0,chim1301,,2,0.6931471805599453
awac1239,Awa-Cuaiquer,,1.21652,-78.3401,awac1239,,2,0.6931471805599453
cree1270,Creek,,31.0,-87.5,cree1270,,2,0.6931471805599453
kons1243,Konso,,5.39111,37.53,kons1243,,2,0.6931471805599453
bora1263,Bora,,-2.000259,-72.257066,bora1263,,2,0.6931471805599453
khmu1256,Khmu,,20.2463,101.671,khmu1256,,2,0.6931471805599453
ghom1257,Ghomara,,34.7979,-4.6696,ghom1257,,2,0.6931471805599453
pila1245,Pilagá,,-25.0058,-60.1537,pila1245,,2,0.6931471805599453
dier1241,Dieri,,-28.1667,138.0,dier1241,,5,1.6094379124341003
kute1249,Kutenai,,48.7892,-115.065,kute1249,,7,1.9459101490553132
arap1274,Arapaho,,43.3879,-108.81,arap1274,,2,0.6931471805599453
yapu1240,Yeri,,-3.47256,142.436,yapu1240,,4,1.3862943611198906
dhim1246,Dhimal,,26.6283,88.3798,dhim1246,,4,1.3862943611198906
esee1248,Ese Ejja,,-11.7268,-67.515,esee1248,,4,1.3862943611198906
lumu1239,Lumun,,10.8308,30.253,lumu1239,,4,1.3862943611198906
maja1242,Majang,,7.71,34.97,maja1242,,5,1.6094379124341003
mose1249,Mosetén-Chimané,,-14.64448,-67.83756,mose1249,,6,1.791759469228055
tern1247,Ternate,,0.80562,127.333,tern1247,,4,1.3862943611198906
maka1316,Makasae-Makalero,,-8.65843,126.507,maka1316,,4,1.3862943611198906
yine1238,Yine,,-11.1086,-73.3087,yine1238,,4,1.3862943611198906
turk1304,Turkmen,,37.08719,59.17574,turk1304,,1,0.0
noga1249,Nogai,,44.89776,43.1656,noga1249,,1,0.0
osse1245,Ossetic,,,,osse1245,,2,0.6931471805599453
gitx1241,Gitxsan,,55.09,-128.08,gitx1241,,58,4.060443010546419
ruul1235,Ruuli,,1.41726,32.4179,ruul1235,,280,5.634789603169249
olds1252,Old Swedish,,,,olds1252,,34,3.5263605246161616
stan1279,Standard Swedish,,,,stan1279,,39,3.6635616461296463
lowg1239,Low German,,,,lowg1239,,1,0.0
dale1238,Dalecarlian,,61.291358,13.830399,dale1238,,3,1.0986122886681098
